{
    "dist_gap_mean": 8.471715324054513,
    "dist_gap_std": 19.323628157528695,
    "time_gap_mean": 14.64352435369903,
    "time_gap_std": 25.481383042117592,
    "lngs_std": 0.26457931827409215,
    "lngs_mean": 51.5055930728136,
    "lats_mean": 25.275349569249155,
    "dist_std": 22.30738420187278,
    "dist_mean": 12.275806192922609,
    "lats_std": 0.10132906474889311,
    "time_mean": 23.105041487238736,
    "time_std": 20.359924682166238,
    "train_set": ["train"],
    "eval_set": ["eval"],
    "test_set": ["test"]
}
